algorithm,collection,dataset,algo_training_type,algo_input_dimensionality,dataset_training_type,dataset_input_dimensionality,status,error_message,repetition,hyper_params_id,hyper_params,train_main_time,train_preprocess_time,train_postprocess_time,execute_main_time,execute_preprocess_time,execute_postprocess_time,ROC_AUC
Fast-MCD,skab,other_13,SEMI_SUPERVISED,MULTIVARIATE,SEMI_SUPERVISED,MULTIVARIATE,Status.OK,,1,4329c14cc18b90be6d9bd752ca7ab93f,"{""support_fraction"": 0.9}",2.746213436126709,,,1.8316152095794678,,,0.9246627876223221
Fast-MCD,skab,other_14,SEMI_SUPERVISED,MULTIVARIATE,SEMI_SUPERVISED,MULTIVARIATE,Status.OK,,1,4329c14cc18b90be6d9bd752ca7ab93f,"{""support_fraction"": 0.9}",2.6126222610473633,,,1.8822484016418457,,,0.7930177592489249
Fast-MCD,skab,other_15,SEMI_SUPERVISED,MULTIVARIATE,SEMI_SUPERVISED,MULTIVARIATE,Status.OK,,1,4329c14cc18b90be6d9bd752ca7ab93f,"{""support_fraction"": 0.9}",2.5213654041290283,,,1.903869867324829,,,0.6609515086278941
Fast-MCD,skab,other_16,SEMI_SUPERVISED,MULTIVARIATE,SEMI_SUPERVISED,MULTIVARIATE,Status.OK,,1,4329c14cc18b90be6d9bd752ca7ab93f,"{""support_fraction"": 0.9}",2.591758966445923,,,1.7960052490234375,,,0.567319703611747
Fast-MCD,skab,other_17,SEMI_SUPERVISED,MULTIVARIATE,SEMI_SUPERVISED,MULTIVARIATE,Status.OK,,1,4329c14cc18b90be6d9bd752ca7ab93f,"{""support_fraction"": 0.9}",2.630051851272583,,,1.8184707164764404,,,0.5185303770111263
Fast-MCD,skab,other_18,SEMI_SUPERVISED,MULTIVARIATE,SEMI_SUPERVISED,MULTIVARIATE,Status.OK,,1,4329c14cc18b90be6d9bd752ca7ab93f,"{""support_fraction"": 0.9}",2.636077880859375,,,1.8033912181854248,,,0.6876150874162164
Fast-MCD,skab,other_19,SEMI_SUPERVISED,MULTIVARIATE,SEMI_SUPERVISED,MULTIVARIATE,Status.OK,,1,4329c14cc18b90be6d9bd752ca7ab93f,"{""support_fraction"": 0.9}",2.709207057952881,,,1.8633251190185547,,,0.6618640688070117
Fast-MCD,skab,other_20,SEMI_SUPERVISED,MULTIVARIATE,SEMI_SUPERVISED,MULTIVARIATE,Status.OK,,1,4329c14cc18b90be6d9bd752ca7ab93f,"{""support_fraction"": 0.9}",2.665252685546875,,,1.8415849208831787,,,0.7304248816443938
Fast-MCD,skab,other_21,SEMI_SUPERVISED,MULTIVARIATE,SEMI_SUPERVISED,MULTIVARIATE,Status.OK,,1,4329c14cc18b90be6d9bd752ca7ab93f,"{""support_fraction"": 0.9}",2.6568291187286377,,,1.9510602951049805,,,0.45806092875918314
Fast-MCD,skab,other_22,SEMI_SUPERVISED,MULTIVARIATE,SEMI_SUPERVISED,MULTIVARIATE,Status.OK,,1,4329c14cc18b90be6d9bd752ca7ab93f,"{""support_fraction"": 0.9}",2.6267971992492676,,,1.7772798538208008,,,0.32586701745993785
Fast-MCD,skab,valve1_0,SEMI_SUPERVISED,MULTIVARIATE,SEMI_SUPERVISED,MULTIVARIATE,Status.OK,,1,4329c14cc18b90be6d9bd752ca7ab93f,"{""support_fraction"": 0.9}",2.557405471801758,,,1.7768161296844482,,,0.9079309757734179
Fast-MCD,skab,valve1_1,SEMI_SUPERVISED,MULTIVARIATE,SEMI_SUPERVISED,MULTIVARIATE,Status.OK,,1,4329c14cc18b90be6d9bd752ca7ab93f,"{""support_fraction"": 0.9}",2.6184964179992676,,,1.8486411571502686,,,0.7685328405080922
Fast-MCD,skab,valve1_10,SEMI_SUPERVISED,MULTIVARIATE,SEMI_SUPERVISED,MULTIVARIATE,Status.OK,,1,4329c14cc18b90be6d9bd752ca7ab93f,"{""support_fraction"": 0.9}",2.4232778549194336,,,1.7280454635620117,,,0.9864399404174129
Fast-MCD,skab,valve1_11,SEMI_SUPERVISED,MULTIVARIATE,SEMI_SUPERVISED,MULTIVARIATE,Status.OK,,1,4329c14cc18b90be6d9bd752ca7ab93f,"{""support_fraction"": 0.9}",2.706141471862793,,,1.8574175834655762,,,0.8563254497429558
Fast-MCD,skab,valve1_12,SEMI_SUPERVISED,MULTIVARIATE,SEMI_SUPERVISED,MULTIVARIATE,Status.OK,,1,4329c14cc18b90be6d9bd752ca7ab93f,"{""support_fraction"": 0.9}",2.5133965015411377,,,1.7655282020568848,,,0.9655582951981844
Fast-MCD,skab,valve1_13,SEMI_SUPERVISED,MULTIVARIATE,SEMI_SUPERVISED,MULTIVARIATE,Status.OK,,1,4329c14cc18b90be6d9bd752ca7ab93f,"{""support_fraction"": 0.9}",2.3945608139038086,,,1.6851773262023926,,,0.8423724628710778
Fast-MCD,skab,valve1_14,SEMI_SUPERVISED,MULTIVARIATE,SEMI_SUPERVISED,MULTIVARIATE,Status.OK,,1,4329c14cc18b90be6d9bd752ca7ab93f,"{""support_fraction"": 0.9}",2.462642192840576,,,1.728081464767456,,,0.9247341326288695
Fast-MCD,skab,valve1_15,SEMI_SUPERVISED,MULTIVARIATE,SEMI_SUPERVISED,MULTIVARIATE,Status.OK,,1,4329c14cc18b90be6d9bd752ca7ab93f,"{""support_fraction"": 0.9}",2.600050687789917,,,1.740466594696045,,,0.9782835187003954
Fast-MCD,skab,valve1_2,SEMI_SUPERVISED,MULTIVARIATE,SEMI_SUPERVISED,MULTIVARIATE,Status.OK,,1,4329c14cc18b90be6d9bd752ca7ab93f,"{""support_fraction"": 0.9}",2.5635385513305664,,,1.723069190979004,,,0.7997113057183985
Fast-MCD,skab,valve1_3,SEMI_SUPERVISED,MULTIVARIATE,SEMI_SUPERVISED,MULTIVARIATE,Status.OK,,1,4329c14cc18b90be6d9bd752ca7ab93f,"{""support_fraction"": 0.9}",2.421142339706421,,,1.783334493637085,,,0.8177619775400359
Fast-MCD,skab,valve1_4,SEMI_SUPERVISED,MULTIVARIATE,SEMI_SUPERVISED,MULTIVARIATE,Status.OK,,1,4329c14cc18b90be6d9bd752ca7ab93f,"{""support_fraction"": 0.9}",2.550260305404663,,,1.7947461605072021,,,0.7195510727701514
Fast-MCD,skab,valve1_5,SEMI_SUPERVISED,MULTIVARIATE,SEMI_SUPERVISED,MULTIVARIATE,Status.OK,,1,4329c14cc18b90be6d9bd752ca7ab93f,"{""support_fraction"": 0.9}",2.6671900749206543,,,1.829535722732544,,,0.8636953871265112
Fast-MCD,skab,valve1_6,SEMI_SUPERVISED,MULTIVARIATE,SEMI_SUPERVISED,MULTIVARIATE,Status.OK,,1,4329c14cc18b90be6d9bd752ca7ab93f,"{""support_fraction"": 0.9}",2.590460777282715,,,1.7723066806793213,,,0.8602284527518173
Fast-MCD,skab,valve1_7,SEMI_SUPERVISED,MULTIVARIATE,SEMI_SUPERVISED,MULTIVARIATE,Status.OK,,1,4329c14cc18b90be6d9bd752ca7ab93f,"{""support_fraction"": 0.9}",2.5913515090942383,,,1.8178446292877197,,,0.9136375853356986
Fast-MCD,skab,valve1_8,SEMI_SUPERVISED,MULTIVARIATE,SEMI_SUPERVISED,MULTIVARIATE,Status.OK,,1,4329c14cc18b90be6d9bd752ca7ab93f,"{""support_fraction"": 0.9}",2.5298848152160645,,,1.8739542961120605,,,0.979929435483871
Fast-MCD,skab,valve1_9,SEMI_SUPERVISED,MULTIVARIATE,SEMI_SUPERVISED,MULTIVARIATE,Status.OK,,1,4329c14cc18b90be6d9bd752ca7ab93f,"{""support_fraction"": 0.9}",2.577228546142578,,,1.7744622230529785,,,0.8360643164872688
Fast-MCD,skab,valve2_0,SEMI_SUPERVISED,MULTIVARIATE,SEMI_SUPERVISED,MULTIVARIATE,Status.OK,,1,4329c14cc18b90be6d9bd752ca7ab93f,"{""support_fraction"": 0.9}",2.8133513927459717,,,1.7204487323760986,,,0.6254730672814516
Fast-MCD,skab,valve2_1,SEMI_SUPERVISED,MULTIVARIATE,SEMI_SUPERVISED,MULTIVARIATE,Status.OK,,1,4329c14cc18b90be6d9bd752ca7ab93f,"{""support_fraction"": 0.9}",2.5614123344421387,,,1.7557594776153564,,,0.8970093381052284
Fast-MCD,skab,valve2_2,SEMI_SUPERVISED,MULTIVARIATE,SEMI_SUPERVISED,MULTIVARIATE,Status.OK,,1,4329c14cc18b90be6d9bd752ca7ab93f,"{""support_fraction"": 0.9}",2.6170942783355713,,,1.8854272365570068,,,0.8543200082778601
Fast-MCD,skab,valve2_3,SEMI_SUPERVISED,MULTIVARIATE,SEMI_SUPERVISED,MULTIVARIATE,Status.OK,,1,4329c14cc18b90be6d9bd752ca7ab93f,"{""support_fraction"": 0.9}",2.542858839035034,,,1.720022201538086,,,0.7646582278481013
Isolation Forest (iForest),skab,other_13,UNSUPERVISED,MULTIVARIATE,SEMI_SUPERVISED,MULTIVARIATE,Status.OK,,1,51a4a30ddaf202e7f16a8b7a145e0c64,"{""n_trees"": 100, ""max_samples"": 256}",,,,2.3672983646392822,,,0.6147447765141496
Isolation Forest (iForest),skab,other_14,UNSUPERVISED,MULTIVARIATE,SEMI_SUPERVISED,MULTIVARIATE,Status.OK,,1,51a4a30ddaf202e7f16a8b7a145e0c64,"{""n_trees"": 100, ""max_samples"": 256}",,,,2.236605644226074,,,0.6320913895545416
Isolation Forest (iForest),skab,other_15,UNSUPERVISED,MULTIVARIATE,SEMI_SUPERVISED,MULTIVARIATE,Status.OK,,1,51a4a30ddaf202e7f16a8b7a145e0c64,"{""n_trees"": 100, ""max_samples"": 256}",,,,2.2331345081329346,,,0.533552178534896
Isolation Forest (iForest),skab,other_16,UNSUPERVISED,MULTIVARIATE,SEMI_SUPERVISED,MULTIVARIATE,Status.OK,,1,51a4a30ddaf202e7f16a8b7a145e0c64,"{""n_trees"": 100, ""max_samples"": 256}",,,,2.2430670261383057,,,0.5332117779415758
Isolation Forest (iForest),skab,other_17,UNSUPERVISED,MULTIVARIATE,SEMI_SUPERVISED,MULTIVARIATE,Status.OK,,1,51a4a30ddaf202e7f16a8b7a145e0c64,"{""n_trees"": 100, ""max_samples"": 256}",,,,2.1803035736083984,,,0.6028742762613731
Isolation Forest (iForest),skab,other_18,UNSUPERVISED,MULTIVARIATE,SEMI_SUPERVISED,MULTIVARIATE,Status.OK,,1,51a4a30ddaf202e7f16a8b7a145e0c64,"{""n_trees"": 100, ""max_samples"": 256}",,,,2.216604471206665,,,0.5616634191090308
Isolation Forest (iForest),skab,other_19,UNSUPERVISED,MULTIVARIATE,SEMI_SUPERVISED,MULTIVARIATE,Status.OK,,1,51a4a30ddaf202e7f16a8b7a145e0c64,"{""n_trees"": 100, ""max_samples"": 256}",,,,2.2105703353881836,,,0.570108323555244
Isolation Forest (iForest),skab,other_20,UNSUPERVISED,MULTIVARIATE,SEMI_SUPERVISED,MULTIVARIATE,Status.OK,,1,51a4a30ddaf202e7f16a8b7a145e0c64,"{""n_trees"": 100, ""max_samples"": 256}",,,,2.2860641479492188,,,0.5175915383232457
Isolation Forest (iForest),skab,other_21,UNSUPERVISED,MULTIVARIATE,SEMI_SUPERVISED,MULTIVARIATE,Status.OK,,1,51a4a30ddaf202e7f16a8b7a145e0c64,"{""n_trees"": 100, ""max_samples"": 256}",,,,2.2342519760131836,,,0.48091595335984366
Isolation Forest (iForest),skab,other_22,UNSUPERVISED,MULTIVARIATE,SEMI_SUPERVISED,MULTIVARIATE,Status.OK,,1,51a4a30ddaf202e7f16a8b7a145e0c64,"{""n_trees"": 100, ""max_samples"": 256}",,,,2.220872163772583,,,0.34566690584389703
Isolation Forest (iForest),skab,valve1_0,UNSUPERVISED,MULTIVARIATE,SEMI_SUPERVISED,MULTIVARIATE,Status.OK,,1,51a4a30ddaf202e7f16a8b7a145e0c64,"{""n_trees"": 100, ""max_samples"": 256}",,,,2.2587435245513916,,,0.5026222929957569
Isolation Forest (iForest),skab,valve1_1,UNSUPERVISED,MULTIVARIATE,SEMI_SUPERVISED,MULTIVARIATE,Status.OK,,1,51a4a30ddaf202e7f16a8b7a145e0c64,"{""n_trees"": 100, ""max_samples"": 256}",,,,2.2676684856414795,,,0.5884540956054184
Isolation Forest (iForest),skab,valve1_10,UNSUPERVISED,MULTIVARIATE,SEMI_SUPERVISED,MULTIVARIATE,Status.OK,,1,51a4a30ddaf202e7f16a8b7a145e0c64,"{""n_trees"": 100, ""max_samples"": 256}",,,,2.285125255584717,,,0.69794975648128
Isolation Forest (iForest),skab,valve1_11,UNSUPERVISED,MULTIVARIATE,SEMI_SUPERVISED,MULTIVARIATE,Status.OK,,1,51a4a30ddaf202e7f16a8b7a145e0c64,"{""n_trees"": 100, ""max_samples"": 256}",,,,2.295349597930908,,,0.5187936147646744
Isolation Forest (iForest),skab,valve1_12,UNSUPERVISED,MULTIVARIATE,SEMI_SUPERVISED,MULTIVARIATE,Status.OK,,1,51a4a30ddaf202e7f16a8b7a145e0c64,"{""n_trees"": 100, ""max_samples"": 256}",,,,2.3285105228424072,,,0.6305405889893424
Isolation Forest (iForest),skab,valve1_13,UNSUPERVISED,MULTIVARIATE,SEMI_SUPERVISED,MULTIVARIATE,Status.OK,,1,51a4a30ddaf202e7f16a8b7a145e0c64,"{""n_trees"": 100, ""max_samples"": 256}",,,,2.2137374877929688,,,0.6665178465732482
Isolation Forest (iForest),skab,valve1_14,UNSUPERVISED,MULTIVARIATE,SEMI_SUPERVISED,MULTIVARIATE,Status.OK,,1,51a4a30ddaf202e7f16a8b7a145e0c64,"{""n_trees"": 100, ""max_samples"": 256}",,,,2.242964506149292,,,0.6634186818397345
Isolation Forest (iForest),skab,valve1_15,UNSUPERVISED,MULTIVARIATE,SEMI_SUPERVISED,MULTIVARIATE,Status.OK,,1,51a4a30ddaf202e7f16a8b7a145e0c64,"{""n_trees"": 100, ""max_samples"": 256}",,,,2.22137451171875,,,0.7687368937966182
Isolation Forest (iForest),skab,valve1_2,UNSUPERVISED,MULTIVARIATE,SEMI_SUPERVISED,MULTIVARIATE,Status.OK,,1,51a4a30ddaf202e7f16a8b7a145e0c64,"{""n_trees"": 100, ""max_samples"": 256}",,,,2.1897850036621094,,,0.3787604641625051
Isolation Forest (iForest),skab,valve1_3,UNSUPERVISED,MULTIVARIATE,SEMI_SUPERVISED,MULTIVARIATE,Status.OK,,1,51a4a30ddaf202e7f16a8b7a145e0c64,"{""n_trees"": 100, ""max_samples"": 256}",,,,2.293696641921997,,,0.5250514984384343
Isolation Forest (iForest),skab,valve1_4,UNSUPERVISED,MULTIVARIATE,SEMI_SUPERVISED,MULTIVARIATE,Status.OK,,1,51a4a30ddaf202e7f16a8b7a145e0c64,"{""n_trees"": 100, ""max_samples"": 256}",,,,2.2710020542144775,,,0.5034261044577767
Isolation Forest (iForest),skab,valve1_5,UNSUPERVISED,MULTIVARIATE,SEMI_SUPERVISED,MULTIVARIATE,Status.OK,,1,51a4a30ddaf202e7f16a8b7a145e0c64,"{""n_trees"": 100, ""max_samples"": 256}",,,,2.2342379093170166,,,0.6212196806243454
Isolation Forest (iForest),skab,valve1_6,UNSUPERVISED,MULTIVARIATE,SEMI_SUPERVISED,MULTIVARIATE,Status.OK,,1,51a4a30ddaf202e7f16a8b7a145e0c64,"{""n_trees"": 100, ""max_samples"": 256}",,,,2.269087791442871,,,0.32310405643738976
Isolation Forest (iForest),skab,valve1_7,UNSUPERVISED,MULTIVARIATE,SEMI_SUPERVISED,MULTIVARIATE,Status.OK,,1,51a4a30ddaf202e7f16a8b7a145e0c64,"{""n_trees"": 100, ""max_samples"": 256}",,,,2.2981319427490234,,,0.5280044437277142
Isolation Forest (iForest),skab,valve1_8,UNSUPERVISED,MULTIVARIATE,SEMI_SUPERVISED,MULTIVARIATE,Status.OK,,1,51a4a30ddaf202e7f16a8b7a145e0c64,"{""n_trees"": 100, ""max_samples"": 256}",,,,2.252202033996582,,,0.6615624999999999
Isolation Forest (iForest),skab,valve1_9,UNSUPERVISED,MULTIVARIATE,SEMI_SUPERVISED,MULTIVARIATE,Status.OK,,1,51a4a30ddaf202e7f16a8b7a145e0c64,"{""n_trees"": 100, ""max_samples"": 256}",,,,2.3943443298339844,,,0.5836234377709308
Isolation Forest (iForest),skab,valve2_0,UNSUPERVISED,MULTIVARIATE,SEMI_SUPERVISED,MULTIVARIATE,Status.OK,,1,51a4a30ddaf202e7f16a8b7a145e0c64,"{""n_trees"": 100, ""max_samples"": 256}",,,,2.3062989711761475,,,0.6856263931614436
Isolation Forest (iForest),skab,valve2_1,UNSUPERVISED,MULTIVARIATE,SEMI_SUPERVISED,MULTIVARIATE,Status.OK,,1,51a4a30ddaf202e7f16a8b7a145e0c64,"{""n_trees"": 100, ""max_samples"": 256}",,,,2.2289791107177734,,,0.562347278785635
Isolation Forest (iForest),skab,valve2_2,UNSUPERVISED,MULTIVARIATE,SEMI_SUPERVISED,MULTIVARIATE,Status.OK,,1,51a4a30ddaf202e7f16a8b7a145e0c64,"{""n_trees"": 100, ""max_samples"": 256}",,,,2.2186927795410156,,,0.5326044217569759
Isolation Forest (iForest),skab,valve2_3,UNSUPERVISED,MULTIVARIATE,SEMI_SUPERVISED,MULTIVARIATE,Status.OK,,1,51a4a30ddaf202e7f16a8b7a145e0c64,"{""n_trees"": 100, ""max_samples"": 256}",,,,2.258058547973633,,,0.5572067510548523
LSTM-AD,skab,other_13,SEMI_SUPERVISED,MULTIVARIATE,SEMI_SUPERVISED,MULTIVARIATE,Status.OK,,1,68475eda2a5c3cb0de12f7a3dee4bd2b,"{""epochs"": 10, ""window_size"": 30}",19.607546091079712,,,1.330615520477295,,0.002200603485107422,0.8883937230009697
LSTM-AD,skab,other_14,SEMI_SUPERVISED,MULTIVARIATE,SEMI_SUPERVISED,MULTIVARIATE,Status.OK,,1,68475eda2a5c3cb0de12f7a3dee4bd2b,"{""epochs"": 10, ""window_size"": 30}",18.971624612808228,,,1.39198899269104,,0.0021796226501464844,0.648462068739126
LSTM-AD,skab,other_15,SEMI_SUPERVISED,MULTIVARIATE,SEMI_SUPERVISED,MULTIVARIATE,Status.OK,,1,68475eda2a5c3cb0de12f7a3dee4bd2b,"{""epochs"": 10, ""window_size"": 30}",20.33641242980957,,,1.3635883331298828,,0.0022003650665283203,0.487581314809491
LSTM-AD,skab,other_16,SEMI_SUPERVISED,MULTIVARIATE,SEMI_SUPERVISED,MULTIVARIATE,Status.OK,,1,68475eda2a5c3cb0de12f7a3dee4bd2b,"{""epochs"": 10, ""window_size"": 30}",19.339234113693237,,,1.3259773254394531,,0.0021719932556152344,0.6209450285137913
LSTM-AD,skab,other_17,SEMI_SUPERVISED,MULTIVARIATE,SEMI_SUPERVISED,MULTIVARIATE,Status.OK,,1,68475eda2a5c3cb0de12f7a3dee4bd2b,"{""epochs"": 10, ""window_size"": 30}",19.19173574447632,,,1.3489351272583008,,0.005092144012451172,0.6280250273486485
LSTM-AD,skab,other_18,SEMI_SUPERVISED,MULTIVARIATE,SEMI_SUPERVISED,MULTIVARIATE,Status.OK,,1,68475eda2a5c3cb0de12f7a3dee4bd2b,"{""epochs"": 10, ""window_size"": 30}",19.47476863861084,,,1.36979341506958,,0.00408935546875,0.48859672030158763
LSTM-AD,skab,other_19,SEMI_SUPERVISED,MULTIVARIATE,SEMI_SUPERVISED,MULTIVARIATE,Status.OK,,1,68475eda2a5c3cb0de12f7a3dee4bd2b,"{""epochs"": 10, ""window_size"": 30}",19.48793125152588,,,1.3219552040100098,,0.0020384788513183594,0.734193497820389
LSTM-AD,skab,other_20,SEMI_SUPERVISED,MULTIVARIATE,SEMI_SUPERVISED,MULTIVARIATE,Status.OK,,1,68475eda2a5c3cb0de12f7a3dee4bd2b,"{""epochs"": 10, ""window_size"": 30}",19.64578104019165,,,1.4648656845092773,,0.004238128662109375,0.4247707796488284
LSTM-AD,skab,other_21,SEMI_SUPERVISED,MULTIVARIATE,SEMI_SUPERVISED,MULTIVARIATE,Status.OK,,1,68475eda2a5c3cb0de12f7a3dee4bd2b,"{""epochs"": 10, ""window_size"": 30}",20.609163761138916,,,1.3535563945770264,,0.0026710033416748047,0.6185482240345084
LSTM-AD,skab,other_22,SEMI_SUPERVISED,MULTIVARIATE,SEMI_SUPERVISED,MULTIVARIATE,Status.OK,,1,68475eda2a5c3cb0de12f7a3dee4bd2b,"{""epochs"": 10, ""window_size"": 30}",19.6773738861084,,,1.3421196937561035,,0.0023200511932373047,0.32435222833452926
LSTM-AD,skab,valve1_0,SEMI_SUPERVISED,MULTIVARIATE,SEMI_SUPERVISED,MULTIVARIATE,Status.OK,,1,68475eda2a5c3cb0de12f7a3dee4bd2b,"{""epochs"": 10, ""window_size"": 30}",19.357760429382324,,,1.3416523933410645,,0.004590272903442383,0.7998477701329008
LSTM-AD,skab,valve1_1,SEMI_SUPERVISED,MULTIVARIATE,SEMI_SUPERVISED,MULTIVARIATE,Status.OK,,1,68475eda2a5c3cb0de12f7a3dee4bd2b,"{""epochs"": 10, ""window_size"": 30}",18.796565055847168,,,1.4139354228973389,,0.0042192935943603516,0.6887031866240801
LSTM-AD,skab,valve1_10,SEMI_SUPERVISED,MULTIVARIATE,SEMI_SUPERVISED,MULTIVARIATE,Status.OK,,1,68475eda2a5c3cb0de12f7a3dee4bd2b,"{""epochs"": 10, ""window_size"": 30}",18.82413339614868,,,1.398620843887329,,0.0020949840545654297,0.8866859696396593
LSTM-AD,skab,valve1_11,SEMI_SUPERVISED,MULTIVARIATE,SEMI_SUPERVISED,MULTIVARIATE,Status.OK,,1,68475eda2a5c3cb0de12f7a3dee4bd2b,"{""epochs"": 10, ""window_size"": 30}",19.18375539779663,,,1.3591680526733398,,0.0038166046142578125,0.8656614582277797
LSTM-AD,skab,valve1_12,SEMI_SUPERVISED,MULTIVARIATE,SEMI_SUPERVISED,MULTIVARIATE,Status.OK,,1,68475eda2a5c3cb0de12f7a3dee4bd2b,"{""epochs"": 10, ""window_size"": 30}",19.02440571784973,,,1.5569818019866943,,0.006389141082763672,0.9298752955262651
LSTM-AD,skab,valve1_13,SEMI_SUPERVISED,MULTIVARIATE,SEMI_SUPERVISED,MULTIVARIATE,Status.OK,,1,68475eda2a5c3cb0de12f7a3dee4bd2b,"{""epochs"": 10, ""window_size"": 30}",19.391383409500122,,,1.4132978916168213,,0.004214763641357422,0.8762324163986214
LSTM-AD,skab,valve1_14,SEMI_SUPERVISED,MULTIVARIATE,SEMI_SUPERVISED,MULTIVARIATE,Status.OK,,1,68475eda2a5c3cb0de12f7a3dee4bd2b,"{""epochs"": 10, ""window_size"": 30}",19.245763301849365,,,1.41217041015625,,0.0038759708404541016,0.9312571970466706
LSTM-AD,skab,valve1_15,SEMI_SUPERVISED,MULTIVARIATE,SEMI_SUPERVISED,MULTIVARIATE,Status.OK,,1,68475eda2a5c3cb0de12f7a3dee4bd2b,"{""epochs"": 10, ""window_size"": 30}",18.927074670791626,,,1.4302446842193604,,0.004354238510131836,0.9023836700023888
LSTM-AD,skab,valve1_2,SEMI_SUPERVISED,MULTIVARIATE,SEMI_SUPERVISED,MULTIVARIATE,Status.OK,,1,68475eda2a5c3cb0de12f7a3dee4bd2b,"{""epochs"": 10, ""window_size"": 30}",19.720421314239502,,,1.3443799018859863,,0.0038928985595703125,0.7193111545358777
LSTM-AD,skab,valve1_3,SEMI_SUPERVISED,MULTIVARIATE,SEMI_SUPERVISED,MULTIVARIATE,Status.OK,,1,68475eda2a5c3cb0de12f7a3dee4bd2b,"{""epochs"": 10, ""window_size"": 30}",19.216493606567383,,,1.3684875965118408,,0.0021734237670898438,0.5966974549803974
LSTM-AD,skab,valve1_4,SEMI_SUPERVISED,MULTIVARIATE,SEMI_SUPERVISED,MULTIVARIATE,Status.OK,,1,68475eda2a5c3cb0de12f7a3dee4bd2b,"{""epochs"": 10, ""window_size"": 30}",19.261747360229492,,,1.4462673664093018,,0.0016829967498779297,0.5975517948639161
LSTM-AD,skab,valve1_5,SEMI_SUPERVISED,MULTIVARIATE,SEMI_SUPERVISED,MULTIVARIATE,Status.OK,,1,68475eda2a5c3cb0de12f7a3dee4bd2b,"{""epochs"": 10, ""window_size"": 30}",19.15399408340454,,,1.34956955909729,,0.0029969215393066406,0.8523986215236592
LSTM-AD,skab,valve1_6,SEMI_SUPERVISED,MULTIVARIATE,SEMI_SUPERVISED,MULTIVARIATE,Status.OK,,1,68475eda2a5c3cb0de12f7a3dee4bd2b,"{""epochs"": 10, ""window_size"": 30}",19.15218687057495,,,1.378824234008789,,0.005316495895385742,0.7546687764756299
LSTM-AD,skab,valve1_7,SEMI_SUPERVISED,MULTIVARIATE,SEMI_SUPERVISED,MULTIVARIATE,Status.OK,,1,68475eda2a5c3cb0de12f7a3dee4bd2b,"{""epochs"": 10, ""window_size"": 30}",18.795741319656372,,,1.3884260654449463,,0.0016469955444335938,0.9047752154670393
LSTM-AD,skab,valve1_8,SEMI_SUPERVISED,MULTIVARIATE,SEMI_SUPERVISED,MULTIVARIATE,Status.OK,,1,68475eda2a5c3cb0de12f7a3dee4bd2b,"{""epochs"": 10, ""window_size"": 30}",19.62462282180786,,,1.4111053943634033,,0.0022933483123779297,0.8030376344086021
LSTM-AD,skab,valve1_9,SEMI_SUPERVISED,MULTIVARIATE,SEMI_SUPERVISED,MULTIVARIATE,Status.OK,,1,68475eda2a5c3cb0de12f7a3dee4bd2b,"{""epochs"": 10, ""window_size"": 30}",19.667725324630737,,,1.481238842010498,,0.003751039505004883,0.7498065970416016
LSTM-AD,skab,valve2_0,SEMI_SUPERVISED,MULTIVARIATE,SEMI_SUPERVISED,MULTIVARIATE,Status.OK,,1,68475eda2a5c3cb0de12f7a3dee4bd2b,"{""epochs"": 10, ""window_size"": 30}",19.730268478393555,,,1.3604846000671387,,0.0022013187408447266,0.7413979875978252
LSTM-AD,skab,valve2_1,SEMI_SUPERVISED,MULTIVARIATE,SEMI_SUPERVISED,MULTIVARIATE,Status.OK,,1,68475eda2a5c3cb0de12f7a3dee4bd2b,"{""epochs"": 10, ""window_size"": 30}",19.015199422836304,,,1.3147809505462646,,0.004508495330810547,0.7639598502612202
LSTM-AD,skab,valve2_2,SEMI_SUPERVISED,MULTIVARIATE,SEMI_SUPERVISED,MULTIVARIATE,Status.OK,,1,68475eda2a5c3cb0de12f7a3dee4bd2b,"{""epochs"": 10, ""window_size"": 30}",19.36569046974182,,,1.3120088577270508,,0.002179861068725586,0.8566343600179354
LSTM-AD,skab,valve2_3,SEMI_SUPERVISED,MULTIVARIATE,SEMI_SUPERVISED,MULTIVARIATE,Status.OK,,1,68475eda2a5c3cb0de12f7a3dee4bd2b,"{""epochs"": 10, ""window_size"": 30}",19.11253571510315,,,1.3537466526031494,,0.004056215286254883,0.7043924050632913
EncDec-AD,skab,other_13,SEMI_SUPERVISED,MULTIVARIATE,SEMI_SUPERVISED,MULTIVARIATE,Status.OK,,1,68475eda2a5c3cb0de12f7a3dee4bd2b,"{""epochs"": 10, ""window_size"": 30}",44.50137901306152,,,1.4091870784759521,,0.007170438766479492,0.0005510006171206929
EncDec-AD,skab,other_14,SEMI_SUPERVISED,MULTIVARIATE,SEMI_SUPERVISED,MULTIVARIATE,Status.OK,,1,68475eda2a5c3cb0de12f7a3dee4bd2b,"{""epochs"": 10, ""window_size"": 30}",44.20120310783386,,,1.4037747383117676,,0.0063092708587646484,0.7589272231887862
EncDec-AD,skab,other_15,SEMI_SUPERVISED,MULTIVARIATE,SEMI_SUPERVISED,MULTIVARIATE,Status.OK,,1,68475eda2a5c3cb0de12f7a3dee4bd2b,"{""epochs"": 10, ""window_size"": 30}",42.010213136672974,,,1.4670960903167725,,0.0023789405822753906,0.48199541361074516
EncDec-AD,skab,other_16,SEMI_SUPERVISED,MULTIVARIATE,SEMI_SUPERVISED,MULTIVARIATE,Status.OK,,1,68475eda2a5c3cb0de12f7a3dee4bd2b,"{""epochs"": 10, ""window_size"": 30}",43.601726055145264,,,1.377364158630371,,0.0027532577514648438,0.40510532645381536
EncDec-AD,skab,other_17,SEMI_SUPERVISED,MULTIVARIATE,SEMI_SUPERVISED,MULTIVARIATE,Status.OK,,1,68475eda2a5c3cb0de12f7a3dee4bd2b,"{""epochs"": 10, ""window_size"": 30}",45.60136604309082,,,1.4341936111450195,,0.004999399185180664,0.9413037967928706
EncDec-AD,skab,other_18,SEMI_SUPERVISED,MULTIVARIATE,SEMI_SUPERVISED,MULTIVARIATE,Status.OK,,1,68475eda2a5c3cb0de12f7a3dee4bd2b,"{""epochs"": 10, ""window_size"": 30}",44.41311693191528,,,1.4099342823028564,,0.004092216491699219,0.6045680078744903
EncDec-AD,skab,other_19,SEMI_SUPERVISED,MULTIVARIATE,SEMI_SUPERVISED,MULTIVARIATE,Status.OK,,1,68475eda2a5c3cb0de12f7a3dee4bd2b,"{""epochs"": 10, ""window_size"": 30}",42.47603750228882,,,1.4186480045318604,,0.003283262252807617,0.8380287372087608
EncDec-AD,skab,other_20,SEMI_SUPERVISED,MULTIVARIATE,SEMI_SUPERVISED,MULTIVARIATE,Status.OK,,1,68475eda2a5c3cb0de12f7a3dee4bd2b,"{""epochs"": 10, ""window_size"": 30}",42.017208099365234,,,1.4106309413909912,,0.0065233707427978516,0.2086264756996464
EncDec-AD,skab,other_21,SEMI_SUPERVISED,MULTIVARIATE,SEMI_SUPERVISED,MULTIVARIATE,Status.OK,,1,68475eda2a5c3cb0de12f7a3dee4bd2b,"{""epochs"": 10, ""window_size"": 30}",44.708399295806885,,,1.3842365741729736,,0.002842426300048828,0.31093212913661794
EncDec-AD,skab,other_22,SEMI_SUPERVISED,MULTIVARIATE,SEMI_SUPERVISED,MULTIVARIATE,Status.OK,,1,68475eda2a5c3cb0de12f7a3dee4bd2b,"{""epochs"": 10, ""window_size"": 30}",45.05262470245361,,,1.4056670665740967,,0.003067493438720703,0.3842701108187834
EncDec-AD,skab,valve1_0,SEMI_SUPERVISED,MULTIVARIATE,SEMI_SUPERVISED,MULTIVARIATE,Status.OK,,1,68475eda2a5c3cb0de12f7a3dee4bd2b,"{""epochs"": 10, ""window_size"": 30}",42.76013159751892,,,1.4719979763031006,,0.0030188560485839844,0.6551025381659639
EncDec-AD,skab,valve1_1,SEMI_SUPERVISED,MULTIVARIATE,SEMI_SUPERVISED,MULTIVARIATE,Status.OK,,1,68475eda2a5c3cb0de12f7a3dee4bd2b,"{""epochs"": 10, ""window_size"": 30}",42.544081687927246,,,1.4221470355987549,,0.005737781524658203,0.8128770682254943
EncDec-AD,skab,valve1_10,SEMI_SUPERVISED,MULTIVARIATE,SEMI_SUPERVISED,MULTIVARIATE,Status.OK,,1,68475eda2a5c3cb0de12f7a3dee4bd2b,"{""epochs"": 10, ""window_size"": 30}",44.5974760055542,,,1.400312900543213,,0.006090641021728516,0.9800364859662923
EncDec-AD,skab,valve1_11,SEMI_SUPERVISED,MULTIVARIATE,SEMI_SUPERVISED,MULTIVARIATE,Status.OK,,1,68475eda2a5c3cb0de12f7a3dee4bd2b,"{""epochs"": 10, ""window_size"": 30}",44.002323150634766,,,1.4756999015808105,,0.003451824188232422,0.9247242094454464
EncDec-AD,skab,valve1_12,SEMI_SUPERVISED,MULTIVARIATE,SEMI_SUPERVISED,MULTIVARIATE,Status.OK,,1,68475eda2a5c3cb0de12f7a3dee4bd2b,"{""epochs"": 10, ""window_size"": 30}",44.97514629364014,,,1.4579360485076904,,0.0014264583587646484,0.999976324076047
EncDec-AD,skab,valve1_13,SEMI_SUPERVISED,MULTIVARIATE,SEMI_SUPERVISED,MULTIVARIATE,Status.OK,,1,68475eda2a5c3cb0de12f7a3dee4bd2b,"{""epochs"": 10, ""window_size"": 30}",45.660887002944946,,,1.4690759181976318,,0.002645730972290039,0.9225898754984627
EncDec-AD,skab,valve1_14,SEMI_SUPERVISED,MULTIVARIATE,SEMI_SUPERVISED,MULTIVARIATE,Status.OK,,1,68475eda2a5c3cb0de12f7a3dee4bd2b,"{""epochs"": 10, ""window_size"": 30}",44.21690011024475,,,1.4177584648132324,,0.005706787109375,0.9059168190747138
EncDec-AD,skab,valve1_15,SEMI_SUPERVISED,MULTIVARIATE,SEMI_SUPERVISED,MULTIVARIATE,Status.OK,,1,68475eda2a5c3cb0de12f7a3dee4bd2b,"{""epochs"": 10, ""window_size"": 30}",51.87263345718384,,,1.5861101150512695,,0.005646705627441406,0.9994359355506596
EncDec-AD,skab,valve1_2,SEMI_SUPERVISED,MULTIVARIATE,SEMI_SUPERVISED,MULTIVARIATE,Status.OK,,1,68475eda2a5c3cb0de12f7a3dee4bd2b,"{""epochs"": 10, ""window_size"": 30}",50.802563190460205,,,1.5369980335235596,,0.0026509761810302734,0.9238217011250232
EncDec-AD,skab,valve1_3,SEMI_SUPERVISED,MULTIVARIATE,SEMI_SUPERVISED,MULTIVARIATE,Status.OK,,1,68475eda2a5c3cb0de12f7a3dee4bd2b,"{""epochs"": 10, ""window_size"": 30}",52.18749713897705,,,1.5248713493347168,,0.001584768295288086,0.8978071632666622
EncDec-AD,skab,valve1_4,SEMI_SUPERVISED,MULTIVARIATE,SEMI_SUPERVISED,MULTIVARIATE,Status.OK,,1,68475eda2a5c3cb0de12f7a3dee4bd2b,"{""epochs"": 10, ""window_size"": 30}",51.69996428489685,,,1.5394771099090576,,0.002599000930786133,0.6344054633306959
EncDec-AD,skab,valve1_5,SEMI_SUPERVISED,MULTIVARIATE,SEMI_SUPERVISED,MULTIVARIATE,Status.OK,,1,68475eda2a5c3cb0de12f7a3dee4bd2b,"{""epochs"": 10, ""window_size"": 30}",51.145389795303345,,,1.5982732772827148,,0.006673574447631836,0.8203916696679034
EncDec-AD,skab,valve1_6,SEMI_SUPERVISED,MULTIVARIATE,SEMI_SUPERVISED,MULTIVARIATE,Status.OK,,1,68475eda2a5c3cb0de12f7a3dee4bd2b,"{""epochs"": 10, ""window_size"": 30}",51.57114839553833,,,1.5552387237548828,,0.0026340484619140625,0.8758212596218827
EncDec-AD,skab,valve1_7,SEMI_SUPERVISED,MULTIVARIATE,SEMI_SUPERVISED,MULTIVARIATE,Status.OK,,1,68475eda2a5c3cb0de12f7a3dee4bd2b,"{""epochs"": 10, ""window_size"": 30}",51.53849673271179,,,1.5505924224853516,,0.005146026611328125,0.8910713325807667
EncDec-AD,skab,valve1_8,SEMI_SUPERVISED,MULTIVARIATE,SEMI_SUPERVISED,MULTIVARIATE,Status.OK,,1,68475eda2a5c3cb0de12f7a3dee4bd2b,"{""epochs"": 10, ""window_size"": 30}",51.03396010398865,,,1.548945426940918,,0.005407810211181641,0.8621337365591396
EncDec-AD,skab,valve1_9,SEMI_SUPERVISED,MULTIVARIATE,SEMI_SUPERVISED,MULTIVARIATE,Status.OK,,1,68475eda2a5c3cb0de12f7a3dee4bd2b,"{""epochs"": 10, ""window_size"": 30}",50.78766584396362,,,1.4872519969940186,,0.005321025848388672,0.9027916716684674
EncDec-AD,skab,valve2_0,SEMI_SUPERVISED,MULTIVARIATE,SEMI_SUPERVISED,MULTIVARIATE,Status.OK,,1,68475eda2a5c3cb0de12f7a3dee4bd2b,"{""epochs"": 10, ""window_size"": 30}",51.63562870025635,,,1.5290248394012451,,0.005141019821166992,0.5888672078440632
EncDec-AD,skab,valve2_1,SEMI_SUPERVISED,MULTIVARIATE,SEMI_SUPERVISED,MULTIVARIATE,Status.OK,,1,68475eda2a5c3cb0de12f7a3dee4bd2b,"{""epochs"": 10, ""window_size"": 30}",50.48758029937744,,,1.5337467193603516,,0.005087375640869141,0.9113126825455592
EncDec-AD,skab,valve2_2,SEMI_SUPERVISED,MULTIVARIATE,SEMI_SUPERVISED,MULTIVARIATE,Status.OK,,1,68475eda2a5c3cb0de12f7a3dee4bd2b,"{""epochs"": 10, ""window_size"": 30}",50.53090691566467,,,1.5337965488433838,,0.007071733474731445,0.9684889456075605
EncDec-AD,skab,valve2_3,SEMI_SUPERVISED,MULTIVARIATE,SEMI_SUPERVISED,MULTIVARIATE,Status.OK,,1,68475eda2a5c3cb0de12f7a3dee4bd2b,"{""epochs"": 10, ""window_size"": 30}",51.01910924911499,,,1.4854414463043213,,0.006806373596191406,0.8162911392405063
OmniAnomaly,skab,other_13,SEMI_SUPERVISED,MULTIVARIATE,SEMI_SUPERVISED,MULTIVARIATE,Status.OK,,1,68475eda2a5c3cb0de12f7a3dee4bd2b,"{""epochs"": 10, ""window_size"": 30}",226.37124872207642,,,11.690505266189575,,0.0027425289154052734,0.834139998236798
OmniAnomaly,skab,other_14,SEMI_SUPERVISED,MULTIVARIATE,SEMI_SUPERVISED,MULTIVARIATE,Status.OK,,1,68475eda2a5c3cb0de12f7a3dee4bd2b,"{""epochs"": 10, ""window_size"": 30}",224.9046769142151,,,11.938742399215698,,0.0046651363372802734,0.8159931720447756
OmniAnomaly,skab,other_15,SEMI_SUPERVISED,MULTIVARIATE,SEMI_SUPERVISED,MULTIVARIATE,Status.OK,,1,68475eda2a5c3cb0de12f7a3dee4bd2b,"{""epochs"": 10, ""window_size"": 30}",226.86731052398682,,,12.001803159713745,,0.003968715667724609,0.5825683779826574
OmniAnomaly,skab,other_16,SEMI_SUPERVISED,MULTIVARIATE,SEMI_SUPERVISED,MULTIVARIATE,Status.OK,,1,68475eda2a5c3cb0de12f7a3dee4bd2b,"{""epochs"": 10, ""window_size"": 30}",226.0621314048767,,,11.865383625030518,,0.002897024154663086,0.6860650967917136
OmniAnomaly,skab,other_17,SEMI_SUPERVISED,MULTIVARIATE,SEMI_SUPERVISED,MULTIVARIATE,Status.OK,,1,68475eda2a5c3cb0de12f7a3dee4bd2b,"{""epochs"": 10, ""window_size"": 30}",225.483989238739,,,11.922614812850952,,0.0022008419036865234,0.41462552362656424
OmniAnomaly,skab,other_18,SEMI_SUPERVISED,MULTIVARIATE,SEMI_SUPERVISED,MULTIVARIATE,Status.OK,,1,68475eda2a5c3cb0de12f7a3dee4bd2b,"{""epochs"": 10, ""window_size"": 30}",34659.34155726433,,,11.381993532180786,,0.0010552406311035156,0.655608230717208
OmniAnomaly,skab,other_19,SEMI_SUPERVISED,MULTIVARIATE,SEMI_SUPERVISED,MULTIVARIATE,Status.OK,,1,68475eda2a5c3cb0de12f7a3dee4bd2b,"{""epochs"": 10, ""window_size"": 30}",229.13050031661987,,,11.266603469848633,,0.0033693313598632812,0.42884509431917983
OmniAnomaly,skab,other_20,SEMI_SUPERVISED,MULTIVARIATE,SEMI_SUPERVISED,MULTIVARIATE,Status.OK,,1,68475eda2a5c3cb0de12f7a3dee4bd2b,"{""epochs"": 10, ""window_size"": 30}",225.2992639541626,,,11.62251615524292,,0.004181623458862305,0.8529424102594835
OmniAnomaly,skab,other_21,SEMI_SUPERVISED,MULTIVARIATE,SEMI_SUPERVISED,MULTIVARIATE,Status.OK,,1,68475eda2a5c3cb0de12f7a3dee4bd2b,"{""epochs"": 10, ""window_size"": 30}",229.2826964855194,,,11.83523964881897,,0.004028797149658203,0.7412549706814046
OmniAnomaly,skab,other_22,SEMI_SUPERVISED,MULTIVARIATE,SEMI_SUPERVISED,MULTIVARIATE,Status.OK,,1,68475eda2a5c3cb0de12f7a3dee4bd2b,"{""epochs"": 10, ""window_size"": 30}",226.82450079917908,,,12.894624471664429,,0.004579305648803711,0.6123535039464243
OmniAnomaly,skab,valve1_0,SEMI_SUPERVISED,MULTIVARIATE,SEMI_SUPERVISED,MULTIVARIATE,Status.OK,,1,68475eda2a5c3cb0de12f7a3dee4bd2b,"{""epochs"": 10, ""window_size"": 30}",232.33705186843872,,,12.135813474655151,,0.0026655197143554688,0.7837134072449399
OmniAnomaly,skab,valve1_1,SEMI_SUPERVISED,MULTIVARIATE,SEMI_SUPERVISED,MULTIVARIATE,Status.OK,,1,68475eda2a5c3cb0de12f7a3dee4bd2b,"{""epochs"": 10, ""window_size"": 30}",233.76519584655762,,,13.40811014175415,,0.0035195350646972656,0.7464092726140495
OmniAnomaly,skab,valve1_10,SEMI_SUPERVISED,MULTIVARIATE,SEMI_SUPERVISED,MULTIVARIATE,Status.OK,,1,68475eda2a5c3cb0de12f7a3dee4bd2b,"{""epochs"": 10, ""window_size"": 30}",230.52602767944336,,,11.629653215408325,,0.0058135986328125,0.7506301360692229
OmniAnomaly,skab,valve1_11,SEMI_SUPERVISED,MULTIVARIATE,SEMI_SUPERVISED,MULTIVARIATE,Status.OK,,1,68475eda2a5c3cb0de12f7a3dee4bd2b,"{""epochs"": 10, ""window_size"": 30}",230.18531036376953,,,11.804649114608765,,0.005346536636352539,0.7905140209013098
OmniAnomaly,skab,valve1_12,SEMI_SUPERVISED,MULTIVARIATE,SEMI_SUPERVISED,MULTIVARIATE,Status.OK,,1,68475eda2a5c3cb0de12f7a3dee4bd2b,"{""epochs"": 10, ""window_size"": 30}",226.4845461845398,,,11.571229696273804,,0.0044782161712646484,0.7866663960846786
OmniAnomaly,skab,valve1_13,SEMI_SUPERVISED,MULTIVARIATE,SEMI_SUPERVISED,MULTIVARIATE,Status.OK,,1,68475eda2a5c3cb0de12f7a3dee4bd2b,"{""epochs"": 10, ""window_size"": 30}",226.83336925506592,,,12.094786405563354,,0.0046503543853759766,0.779638028945508
OmniAnomaly,skab,valve1_14,SEMI_SUPERVISED,MULTIVARIATE,SEMI_SUPERVISED,MULTIVARIATE,Status.OK,,1,68475eda2a5c3cb0de12f7a3dee4bd2b,"{""epochs"": 10, ""window_size"": 30}",228.18943786621094,,,14.306370735168457,,0.003760099411010742,0.7983302851723905
OmniAnomaly,skab,valve1_15,SEMI_SUPERVISED,MULTIVARIATE,SEMI_SUPERVISED,MULTIVARIATE,Status.OK,,1,68475eda2a5c3cb0de12f7a3dee4bd2b,"{""epochs"": 10, ""window_size"": 30}",232.46337389945984,,,12.076826810836792,,0.004980325698852539,0.7931177501128129
OmniAnomaly,skab,valve1_2,SEMI_SUPERVISED,MULTIVARIATE,SEMI_SUPERVISED,MULTIVARIATE,Status.OK,,1,68475eda2a5c3cb0de12f7a3dee4bd2b,"{""epochs"": 10, ""window_size"": 30}",226.09825682640076,,,11.548581600189209,,0.0021784305572509766,0.8845866203469156
OmniAnomaly,skab,valve1_3,SEMI_SUPERVISED,MULTIVARIATE,SEMI_SUPERVISED,MULTIVARIATE,Status.OK,,1,68475eda2a5c3cb0de12f7a3dee4bd2b,"{""epochs"": 10, ""window_size"": 30}",221.82879447937012,,,10.90472960472107,,0.0027282238006591797,0.7510831284470729
OmniAnomaly,skab,valve1_4,SEMI_SUPERVISED,MULTIVARIATE,SEMI_SUPERVISED,MULTIVARIATE,Status.OK,,1,68475eda2a5c3cb0de12f7a3dee4bd2b,"{""epochs"": 10, ""window_size"": 30}",215.4949026107788,,,14.75161075592041,,0.004399299621582031,0.8512794118776743
OmniAnomaly,skab,valve1_5,SEMI_SUPERVISED,MULTIVARIATE,SEMI_SUPERVISED,MULTIVARIATE,Status.OK,,1,68475eda2a5c3cb0de12f7a3dee4bd2b,"{""epochs"": 10, ""window_size"": 30}",223.4034140110016,,,10.78737759590149,,0.0027294158935546875,0.8059130423290038
OmniAnomaly,skab,valve1_6,SEMI_SUPERVISED,MULTIVARIATE,SEMI_SUPERVISED,MULTIVARIATE,Status.OK,,1,68475eda2a5c3cb0de12f7a3dee4bd2b,"{""epochs"": 10, ""window_size"": 30}",215.44872951507568,,,10.809844493865967,,0.0022487640380859375,0.776722873296082
OmniAnomaly,skab,valve1_7,SEMI_SUPERVISED,MULTIVARIATE,SEMI_SUPERVISED,MULTIVARIATE,Status.OK,,1,68475eda2a5c3cb0de12f7a3dee4bd2b,"{""epochs"": 10, ""window_size"": 30}",228.464910030365,,,18.198938608169556,,0.0032958984375,0.761533086061388
OmniAnomaly,skab,valve1_8,SEMI_SUPERVISED,MULTIVARIATE,SEMI_SUPERVISED,MULTIVARIATE,Status.OK,,1,68475eda2a5c3cb0de12f7a3dee4bd2b,"{""epochs"": 10, ""window_size"": 30}",221.9694905281067,,,11.021121263504028,,0.0023169517517089844,0.7552923387096775
OmniAnomaly,skab,valve1_9,SEMI_SUPERVISED,MULTIVARIATE,SEMI_SUPERVISED,MULTIVARIATE,Status.OK,,1,68475eda2a5c3cb0de12f7a3dee4bd2b,"{""epochs"": 10, ""window_size"": 30}",216.20021390914917,,,10.78563404083252,,0.0017344951629638672,0.7442646019233591
OmniAnomaly,skab,valve2_0,SEMI_SUPERVISED,MULTIVARIATE,SEMI_SUPERVISED,MULTIVARIATE,Status.OK,,1,68475eda2a5c3cb0de12f7a3dee4bd2b,"{""epochs"": 10, ""window_size"": 30}",215.82700276374817,,,13.27159070968628,,0.0010979175567626953,0.7419049074003347
OmniAnomaly,skab,valve2_1,SEMI_SUPERVISED,MULTIVARIATE,SEMI_SUPERVISED,MULTIVARIATE,Status.OK,,1,68475eda2a5c3cb0de12f7a3dee4bd2b,"{""epochs"": 10, ""window_size"": 30}",224.70491194725037,,,11.17210054397583,,0.0,0.8425932782097165
OmniAnomaly,skab,valve2_2,SEMI_SUPERVISED,MULTIVARIATE,SEMI_SUPERVISED,MULTIVARIATE,Status.OK,,1,68475eda2a5c3cb0de12f7a3dee4bd2b,"{""epochs"": 10, ""window_size"": 30}",221.52894473075867,,,11.32431936264038,,0.0005211830139160156,0.7813506708515849
OmniAnomaly,skab,valve2_3,SEMI_SUPERVISED,MULTIVARIATE,SEMI_SUPERVISED,MULTIVARIATE,Status.OK,,1,68475eda2a5c3cb0de12f7a3dee4bd2b,"{""epochs"": 10, ""window_size"": 30}",221.03811645507812,,,11.045681476593018,,0.0005240440368652344,0.8489789029535864
MTAD-GAT,skab,other_13,SEMI_SUPERVISED,MULTIVARIATE,SEMI_SUPERVISED,MULTIVARIATE,Status.OK,,1,68475eda2a5c3cb0de12f7a3dee4bd2b,"{""epochs"": 10, ""window_size"": 30}",154.7649052143097,,,2.014514923095703,,0.0005164146423339844,0.6131005906726615
MTAD-GAT,skab,other_14,SEMI_SUPERVISED,MULTIVARIATE,SEMI_SUPERVISED,MULTIVARIATE,Status.OK,,1,68475eda2a5c3cb0de12f7a3dee4bd2b,"{""epochs"": 10, ""window_size"": 30}",155.06805300712585,,,2.1652402877807617,,0.0005319118499755859,0.31679414371532677
MTAD-GAT,skab,other_15,SEMI_SUPERVISED,MULTIVARIATE,SEMI_SUPERVISED,MULTIVARIATE,Status.OK,,1,68475eda2a5c3cb0de12f7a3dee4bd2b,"{""epochs"": 10, ""window_size"": 30}",155.02136945724487,,,2.169367551803589,,0.0005564689636230469,0.23907389702686982
MTAD-GAT,skab,other_16,SEMI_SUPERVISED,MULTIVARIATE,SEMI_SUPERVISED,MULTIVARIATE,Status.OK,,1,68475eda2a5c3cb0de12f7a3dee4bd2b,"{""epochs"": 10, ""window_size"": 30}",154.88000535964966,,,2.117706298828125,,0.0005116462707519531,0.2743259494898552
MTAD-GAT,skab,other_17,SEMI_SUPERVISED,MULTIVARIATE,SEMI_SUPERVISED,MULTIVARIATE,Status.OK,,1,68475eda2a5c3cb0de12f7a3dee4bd2b,"{""epochs"": 10, ""window_size"": 30}",160.73938083648682,,,2.4389476776123047,,0.0011706352233886719,0.5941627311294324
MTAD-GAT,skab,other_18,SEMI_SUPERVISED,MULTIVARIATE,SEMI_SUPERVISED,MULTIVARIATE,Status.OK,,1,68475eda2a5c3cb0de12f7a3dee4bd2b,"{""epochs"": 10, ""window_size"": 30}",165.06144261360168,,,2.341184139251709,,0.0006937980651855469,0.3711958377694301
MTAD-GAT,skab,other_19,SEMI_SUPERVISED,MULTIVARIATE,SEMI_SUPERVISED,MULTIVARIATE,Status.OK,,1,68475eda2a5c3cb0de12f7a3dee4bd2b,"{""epochs"": 10, ""window_size"": 30}",160.96090507507324,,,2.398393154144287,,0.0010271072387695312,0.4045892856731206
MTAD-GAT,skab,other_20,SEMI_SUPERVISED,MULTIVARIATE,SEMI_SUPERVISED,MULTIVARIATE,Status.OK,,1,68475eda2a5c3cb0de12f7a3dee4bd2b,"{""epochs"": 10, ""window_size"": 30}",162.16369915008545,,,2.202632188796997,,0.0007953643798828125,0.5747078564151735
MTAD-GAT,skab,other_21,SEMI_SUPERVISED,MULTIVARIATE,SEMI_SUPERVISED,MULTIVARIATE,Status.OK,,1,68475eda2a5c3cb0de12f7a3dee4bd2b,"{""epochs"": 10, ""window_size"": 30}",166.64900875091553,,,2.1821258068084717,,0.0005633831024169922,0.6577913324796119
MTAD-GAT,skab,other_22,SEMI_SUPERVISED,MULTIVARIATE,SEMI_SUPERVISED,MULTIVARIATE,Status.OK,,1,68475eda2a5c3cb0de12f7a3dee4bd2b,"{""epochs"": 10, ""window_size"": 30}",159.52286982536316,,,2.048273801803589,,0.0005183219909667969,0.7463366020888145
MTAD-GAT,skab,valve1_0,SEMI_SUPERVISED,MULTIVARIATE,SEMI_SUPERVISED,MULTIVARIATE,Status.OK,,1,68475eda2a5c3cb0de12f7a3dee4bd2b,"{""epochs"": 10, ""window_size"": 30}",157.90794396400452,,,2.2471601963043213,,0.0010864734649658203,0.15207630188250926
MTAD-GAT,skab,valve1_1,SEMI_SUPERVISED,MULTIVARIATE,SEMI_SUPERVISED,MULTIVARIATE,Status.OK,,1,68475eda2a5c3cb0de12f7a3dee4bd2b,"{""epochs"": 10, ""window_size"": 30}",158.16514706611633,,,2.2103865146636963,,0.0010309219360351562,0.10240520144901334
MTAD-GAT,skab,valve1_10,SEMI_SUPERVISED,MULTIVARIATE,SEMI_SUPERVISED,MULTIVARIATE,Status.OK,,1,68475eda2a5c3cb0de12f7a3dee4bd2b,"{""epochs"": 10, ""window_size"": 30}",157.79479956626892,,,2.182184934616089,,0.0010783672332763672,0.010651224288272601
MTAD-GAT,skab,valve1_11,SEMI_SUPERVISED,MULTIVARIATE,SEMI_SUPERVISED,MULTIVARIATE,Status.OK,,1,68475eda2a5c3cb0de12f7a3dee4bd2b,"{""epochs"": 10, ""window_size"": 30}",158.1078281402588,,,2.1139535903930664,,0.0010466575622558594,0.1820521654540664
MTAD-GAT,skab,valve1_12,SEMI_SUPERVISED,MULTIVARIATE,SEMI_SUPERVISED,MULTIVARIATE,Status.OK,,1,68475eda2a5c3cb0de12f7a3dee4bd2b,"{""epochs"": 10, ""window_size"": 30}",157.16727375984192,,,2.096424102783203,,0.0005371570587158203,0.01583242857481085
MTAD-GAT,skab,valve1_13,SEMI_SUPERVISED,MULTIVARIATE,SEMI_SUPERVISED,MULTIVARIATE,Status.OK,,1,68475eda2a5c3cb0de12f7a3dee4bd2b,"{""epochs"": 10, ""window_size"": 30}",156.30868434906006,,,2.203958749771118,,0.0005667209625244141,0.15860839683554362
MTAD-GAT,skab,valve1_14,SEMI_SUPERVISED,MULTIVARIATE,SEMI_SUPERVISED,MULTIVARIATE,Status.OK,,1,68475eda2a5c3cb0de12f7a3dee4bd2b,"{""epochs"": 10, ""window_size"": 30}",156.90888738632202,,,2.4625017642974854,,0.0003540515899658203,0.14435751541014696
MTAD-GAT,skab,valve1_15,SEMI_SUPERVISED,MULTIVARIATE,SEMI_SUPERVISED,MULTIVARIATE,Status.OK,,1,68475eda2a5c3cb0de12f7a3dee4bd2b,"{""epochs"": 10, ""window_size"": 30}",156.90518307685852,,,2.185033082962036,,0.0,0.031796644811934276
MTAD-GAT,skab,valve1_2,SEMI_SUPERVISED,MULTIVARIATE,SEMI_SUPERVISED,MULTIVARIATE,Status.OK,,1,68475eda2a5c3cb0de12f7a3dee4bd2b,"{""epochs"": 10, ""window_size"": 30}",155.3795874118805,,,2.2185561656951904,,0.0005159378051757812,0.3603089591726778
MTAD-GAT,skab,valve1_3,SEMI_SUPERVISED,MULTIVARIATE,SEMI_SUPERVISED,MULTIVARIATE,Status.OK,,1,68475eda2a5c3cb0de12f7a3dee4bd2b,"{""epochs"": 10, ""window_size"": 30}",155.04537296295166,,,2.1796202659606934,,0.0005517005920410156,0.10768489600637918
MTAD-GAT,skab,valve1_4,SEMI_SUPERVISED,MULTIVARIATE,SEMI_SUPERVISED,MULTIVARIATE,Status.OK,,1,68475eda2a5c3cb0de12f7a3dee4bd2b,"{""epochs"": 10, ""window_size"": 30}",156.47823667526245,,,2.0939884185791016,,0.0005314350128173828,0.20543567604108254
MTAD-GAT,skab,valve1_5,SEMI_SUPERVISED,MULTIVARIATE,SEMI_SUPERVISED,MULTIVARIATE,Status.OK,,1,68475eda2a5c3cb0de12f7a3dee4bd2b,"{""epochs"": 10, ""window_size"": 30}",155.76650881767273,,,2.187279462814331,,0.0005238056182861328,0.21311204580823584
MTAD-GAT,skab,valve1_6,SEMI_SUPERVISED,MULTIVARIATE,SEMI_SUPERVISED,MULTIVARIATE,Status.OK,,1,68475eda2a5c3cb0de12f7a3dee4bd2b,"{""epochs"": 10, ""window_size"": 30}",156.32017993927002,,,2.2343227863311768,,0.0005152225494384766,0.08911964924425984
MTAD-GAT,skab,valve1_7,SEMI_SUPERVISED,MULTIVARIATE,SEMI_SUPERVISED,MULTIVARIATE,Status.OK,,1,68475eda2a5c3cb0de12f7a3dee4bd2b,"{""epochs"": 10, ""window_size"": 30}",155.23654866218567,,,2.232235908508301,,0.0005295276641845703,0.1124478130767439
MTAD-GAT,skab,valve1_8,SEMI_SUPERVISED,MULTIVARIATE,SEMI_SUPERVISED,MULTIVARIATE,Status.OK,,1,68475eda2a5c3cb0de12f7a3dee4bd2b,"{""epochs"": 10, ""window_size"": 30}",155.26796436309814,,,2.168842077255249,,0.0005540847778320312,0.01738575268817204
MTAD-GAT,skab,valve1_9,SEMI_SUPERVISED,MULTIVARIATE,SEMI_SUPERVISED,MULTIVARIATE,Status.OK,,1,68475eda2a5c3cb0de12f7a3dee4bd2b,"{""epochs"": 10, ""window_size"": 30}",155.46539449691772,,,2.125793933868408,,0.0005543231964111328,0.18638376482200258
MTAD-GAT,skab,valve2_0,SEMI_SUPERVISED,MULTIVARIATE,SEMI_SUPERVISED,MULTIVARIATE,Status.OK,,1,68475eda2a5c3cb0de12f7a3dee4bd2b,"{""epochs"": 10, ""window_size"": 30}",156.40001487731934,,,2.147343158721924,,0.0005249977111816406,0.1376460866485657
MTAD-GAT,skab,valve2_1,SEMI_SUPERVISED,MULTIVARIATE,SEMI_SUPERVISED,MULTIVARIATE,Status.OK,,1,68475eda2a5c3cb0de12f7a3dee4bd2b,"{""epochs"": 10, ""window_size"": 30}",156.59521794319153,,,2.1066510677337646,,0.000545501708984375,0.09121313093915834
MTAD-GAT,skab,valve2_2,SEMI_SUPERVISED,MULTIVARIATE,SEMI_SUPERVISED,MULTIVARIATE,Status.OK,,1,68475eda2a5c3cb0de12f7a3dee4bd2b,"{""epochs"": 10, ""window_size"": 30}",155.33696484565735,,,2.1709697246551514,,0.0005218982696533203,0.2063049701652123
MTAD-GAT,skab,valve2_3,SEMI_SUPERVISED,MULTIVARIATE,SEMI_SUPERVISED,MULTIVARIATE,Status.OK,,1,68475eda2a5c3cb0de12f7a3dee4bd2b,"{""epochs"": 10, ""window_size"": 30}",157.3942449092865,,,2.119044065475464,,0.0005350112915039062,0.5508143459915612
